-- MySQL dump 10.13  Distrib 8.0.21, for Win64 (x86_64)
--
-- Host: localhost    Database: qlkh
-- ------------------------------------------------------
-- Server version	8.0.21

/*!40101 SET @OLD_CHARACTER_SET_CLIENT=@@CHARACTER_SET_CLIENT */;
/*!40101 SET @OLD_CHARACTER_SET_RESULTS=@@CHARACTER_SET_RESULTS */;
/*!40101 SET @OLD_COLLATION_CONNECTION=@@COLLATION_CONNECTION */;
/*!50503 SET NAMES utf8 */;
/*!40103 SET @OLD_TIME_ZONE=@@TIME_ZONE */;
/*!40103 SET TIME_ZONE='+00:00' */;
/*!40014 SET @OLD_UNIQUE_CHECKS=@@UNIQUE_CHECKS, UNIQUE_CHECKS=0 */;
/*!40014 SET @OLD_FOREIGN_KEY_CHECKS=@@FOREIGN_KEY_CHECKS, FOREIGN_KEY_CHECKS=0 */;
/*!40101 SET @OLD_SQL_MODE=@@SQL_MODE, SQL_MODE='NO_AUTO_VALUE_ON_ZERO' */;
/*!40111 SET @OLD_SQL_NOTES=@@SQL_NOTES, SQL_NOTES=0 */;

--
-- Table structure for table `categories`
--

DROP TABLE IF EXISTS `categories`;
/*!40101 SET @saved_cs_client     = @@character_set_client */;
/*!50503 SET character_set_client = utf8mb4 */;
CREATE TABLE `categories` (
  `CatID` int unsigned NOT NULL AUTO_INCREMENT,
  `CatName` varchar(50) CHARACTER SET utf8 COLLATE utf8_bin NOT NULL,
  `CatType` tinyint(1) NOT NULL,
  PRIMARY KEY (`CatID`),
  FULLTEXT KEY `fts_categories` (`CatName`)
) ENGINE=InnoDB AUTO_INCREMENT=11 DEFAULT CHARSET=utf8 COLLATE=utf8_bin;
/*!40101 SET character_set_client = @saved_cs_client */;

--
-- Dumping data for table `categories`
--

LOCK TABLES `categories` WRITE;
/*!40000 ALTER TABLE `categories` DISABLE KEYS */;
INSERT INTO `categories` VALUES (1,'Angular',1),(2,'JavaScript',1),(3,'React',1),(4,'NodeJs',1),(5,'Python',1),(6,'Kotlin',0),(7,'Swift',0),(8,'React Native',0),(9,'Android',0),(10,'Redux',0);
/*!40000 ALTER TABLE `categories` ENABLE KEYS */;
UNLOCK TABLES;

--
-- Table structure for table `count`
--

DROP TABLE IF EXISTS `count`;
/*!40101 SET @saved_cs_client     = @@character_set_client */;
/*!50503 SET character_set_client = utf8mb4 */;
CREATE TABLE `count` (
  `CountID` int unsigned NOT NULL AUTO_INCREMENT,
  `CourseID` int NOT NULL,
  `ViewCount` int NOT NULL,
  `AvgStar` double DEFAULT NULL,
  `StudentCount` int DEFAULT NULL,
  `Ratings` int DEFAULT NULL,
  PRIMARY KEY (`CountID`)
) ENGINE=InnoDB AUTO_INCREMENT=21 DEFAULT CHARSET=utf8 COLLATE=utf8_bin;
/*!40101 SET character_set_client = @saved_cs_client */;

--
-- Dumping data for table `count`
--

LOCK TABLES `count` WRITE;
/*!40000 ALTER TABLE `count` DISABLE KEYS */;
INSERT INTO `count` VALUES (1,1,265,4.7,3,3),(2,2,70,4,3,2),(3,3,42,4.7,3,3),(4,4,21,4.5,3,2),(5,5,12,5,7,2),(6,6,9,5,4,2),(7,7,3,4.5,2,2),(8,8,19,4.5,2,2),(9,9,4,4,2,2),(10,10,1,4.5,2,2),(11,11,1,0,0,0),(12,12,0,0,0,0),(13,13,1,0,0,0),(14,14,0,0,0,0),(15,15,0,0,0,0),(16,16,0,0,0,0),(17,17,0,0,0,0),(18,18,0,0,0,0),(19,19,0,0,0,0),(20,20,0,0,0,0);
/*!40000 ALTER TABLE `count` ENABLE KEYS */;
UNLOCK TABLES;

--
-- Table structure for table `coursecontent`
--

DROP TABLE IF EXISTS `coursecontent`;
/*!40101 SET @saved_cs_client     = @@character_set_client */;
/*!50503 SET character_set_client = utf8mb4 */;
CREATE TABLE `coursecontent` (
  `ContentID` int unsigned NOT NULL AUTO_INCREMENT,
  `Index` int NOT NULL,
  `CourseID` int NOT NULL,
  `Title` varchar(100) NOT NULL,
  PRIMARY KEY (`ContentID`)
) ENGINE=InnoDB AUTO_INCREMENT=121 DEFAULT CHARSET=utf8mb4 COLLATE=utf8mb4_0900_ai_ci;
/*!40101 SET character_set_client = @saved_cs_client */;

--
-- Dumping data for table `coursecontent`
--

LOCK TABLES `coursecontent` WRITE;
/*!40000 ALTER TABLE `coursecontent` DISABLE KEYS */;
INSERT INTO `coursecontent` VALUES (1,1,1,'Introduction'),(2,2,1,'Why you should Learn JavaScript Today'),(3,3,1,'What is Dom? | Document Object Model'),(4,1,2,'Introduction'),(5,2,2,'How React Works'),(6,3,2,'React Setup (with CDN)'),(7,1,3,'Introduction'),(8,2,3,'Install'),(9,3,3,'File and folder structure'),(10,1,4,'Introduction'),(11,2,4,'Installing Node JS'),(12,3,4,'The V8 Engine'),(13,1,5,'Introduction'),(14,2,5,'Python Installation | PyCharm'),(15,3,5,'Getting Started with Python'),(16,1,6,'Introduction'),(17,2,6,'How to Install JAVA JDK for Coding in Kotlin'),(18,3,6,'Installing INTELLIJ IDEA'),(19,1,7,'Introduction'),(20,2,7,'iOS Developer Program'),(21,3,7,'Installing Xcode 6'),(22,1,8,'Introduction'),(23,2,8,'useState Hook'),(24,3,8,'useState with previous state'),(25,1,9,'Introduction'),(26,2,9,'Installing Android Studio'),(27,3,9,'Installing Android Studio Components'),(28,1,10,'Introduction'),(29,2,10,'Getting Started'),(30,3,10,'Three Core Concepts'),(31,4,1,'First Hello World Program'),(32,5,1,'Statements and comments'),(33,6,1,'VS code Theme & Live Server Plugin Setup'),(34,4,2,'React Components'),(35,5,2,'State'),(36,6,2,'React Dev Tools'),(37,4,3,'Make First change | Hello World'),(38,5,3,'Interpolation'),(39,6,3,'Component'),(40,4,4,'The Global Object'),(41,5,4,'Function expressions'),(42,6,4,'Modules & require()'),(43,4,5,'Variables in Python'),(44,5,5,'List in Python'),(45,6,5,'Tupple set in Python'),(46,4,6,'Kotlin Hello World!'),(47,5,6,'Kotlin Basic syntax'),(48,6,6,'Kotlin Variables and Data types'),(49,4,7,'Setting up a New Project'),(50,5,7,'Quick tour of The Interface'),(51,6,7,'Creating a simple design'),(52,4,8,'useState with Object'),(53,5,8,'useState with Array'),(54,6,8,'useEffect Hook'),(55,4,9,'Creating new Project'),(56,5,9,'Understanding directory structure'),(57,6,9,'How to install and integrate genymotion'),(58,4,10,'Three Principles'),(59,5,10,'Actions'),(60,6,10,'Reducers'),(61,1,11,'Introduction'),(62,2,11,'Why you should Learn JavaScript Today'),(63,3,11,'What is Dom? | Document Object Model'),(64,1,12,'Introduction'),(65,2,12,'How React Works'),(66,3,12,'React Setup (with CDN)'),(67,1,13,'Introduction'),(68,2,13,'Install'),(69,3,13,'File and folder structure'),(70,1,14,'Introduction'),(71,2,14,'Installing Node JS'),(72,3,14,'The V8 Engine'),(73,1,15,'Introduction'),(74,2,15,'Python Installation | PyCharm'),(75,3,15,'Getting Started with Python'),(76,1,16,'Introduction'),(77,2,16,'How to Install JAVA JDK for Coding in Kotlin'),(78,3,16,'Installing INTELLIJ IDEA'),(79,1,17,'Introduction'),(80,2,17,'iOS Developer Program'),(81,3,17,'Installing Xcode 6'),(82,1,18,'Introduction'),(83,2,18,'useState Hook'),(84,3,18,'useState with previous state'),(85,1,19,'Introduction'),(86,2,19,'Installing Android Studio'),(87,3,19,'Installing Android Studio Components'),(88,1,2,'Introduction'),(89,2,20,'Getting Started'),(90,3,20,'Three Core Concepts'),(91,4,11,'First Hello World Program'),(92,5,11,'Statements and comments'),(93,6,11,'VS code Theme & Live Server Plugin Setup'),(94,4,12,'React Components'),(95,5,12,'State'),(96,6,12,'React Dev Tools'),(97,4,13,'Make First change | Hello World'),(98,5,13,'Interpolation'),(99,6,13,'Component'),(100,4,14,'The Global Object'),(101,5,14,'Function expressions'),(102,6,14,'Modules & require()'),(103,4,15,'Variables in Python'),(104,5,15,'List in Python'),(105,6,15,'Tupple set in Python'),(106,4,16,'Kotlin Hello World!'),(107,5,16,'Kotlin Basic syntax'),(108,6,16,'Kotlin Variables and Data types'),(109,4,17,'Setting up a New Project'),(110,5,17,'Quick tour of The Interface'),(111,6,17,'Creating a simple design'),(112,4,18,'useState with Object'),(113,5,18,'useState with Array'),(114,6,18,'useEffect Hook'),(115,4,19,'Creating new Project'),(116,5,19,'Understanding directory structure'),(117,6,19,'How to install and integrate genymotion'),(118,4,20,'Three Principles'),(119,5,20,'Actions'),(120,6,20,'Reducers');
/*!40000 ALTER TABLE `coursecontent` ENABLE KEYS */;
UNLOCK TABLES;

--
-- Table structure for table `courses`
--

DROP TABLE IF EXISTS `courses`;
/*!40101 SET @saved_cs_client     = @@character_set_client */;
/*!50503 SET character_set_client = utf8mb4 */;
CREATE TABLE `courses` (
  `CourseID` int unsigned NOT NULL AUTO_INCREMENT,
  `Name` varchar(100) CHARACTER SET utf8 COLLATE utf8_bin NOT NULL,
  `CatID` int NOT NULL,
  `TeacherID` int NOT NULL,
  `Status` tinyint(1) NOT NULL,
  `DateCreate` date NOT NULL,
  `DateUpdate` date DEFAULT NULL,
  `Price` double NOT NULL,
  `TinyDes` varchar(255) CHARACTER SET utf8mb4 COLLATE utf8mb4_general_ci NOT NULL,
  `FullDes` text CHARACTER SET utf8mb4 COLLATE utf8mb4_general_ci NOT NULL,
  `BadgeNew` int NOT NULL,
  `BadgeBestSeller` int NOT NULL,
  `Totalcontent` int DEFAULT '0',
  PRIMARY KEY (`CourseID`),
  FULLTEXT KEY `fts_courses` (`Name`)
) ENGINE=InnoDB AUTO_INCREMENT=21 DEFAULT CHARSET=utf8mb4 COLLATE=utf8mb4_general_ci;
/*!40101 SET character_set_client = @saved_cs_client */;

--
-- Dumping data for table `courses`
--

LOCK TABLES `courses` WRITE;
/*!40000 ALTER TABLE `courses` DISABLE KEYS */;
INSERT INTO `courses` VALUES (1,'The Complete JavaScript Course 2020: From Zero to Expert!',2,3,1,'2020-12-22','2020-12-22',129.99,'The modern JavaScript course for everyone! Master JavaScript with projects, challenges and theory. Many courses in one!','<p>For Beginners:</p>    <p>Learn JavaScript programming right from the fundamentals in a fun and easy way. If you are a beginner and want to learn JS, then this entire video series is exactly for you. In this complete JavaScript for beginners series we will learn -</p><ol><li>The core Basics & Fundamentals of JS</li><li>Syntax & Features of JS</li><li>Live JavaScript uses cases and Examples</li><li>Client Side Validations</li><li>GUI and visual effects</li><li>How to use 3rd Party JS libararies and a lot more.</li></ol><p><br></p>    <p>Some very basic pre-requisites are -</p><ol><li>Basic HTML knowledge</li><li>Basic CSS knowledge</li></ol>',1,1,6),(2,'React - The Complete Guide (incl Hooks, React Router, Redux)',3,4,1,'2020-12-22','2020-12-22',129.99,'Dive in and learn React.js from scratch! Learn Reactjs, Hooks, Redux, React Routing, Animations, Next.js and way more!','<p><strong>Is this course for you?</strong></p> <p>This course is for you if ...</p> <ul> <li> <p>...you\'re just getting started with frontend/&nbsp;JavaScript development and only got the JS&nbsp;basics set (no prior React or other framework experience is required!)</p> </li> <li> <p>...you\'re experienced with Angular or Vue but want to dive into React</p> </li> <li> <p>...know the React basics but want to refresh them and/ or dive deeper</p> </li> <li> <p>...already worked quite a bit with React but want to dive deeper and see it all come together in a bigger app</p> </li> </ul> <p><strong>What should you bring to succeed in that course?</strong></p> <ul> <li> <p>HTML + CSS&nbsp;+ JavaScript knowledge is required. You don\'t need to be an expert but the basics need to be set</p> </li> <li> <p>NO&nbsp;advanced JavaScript knowledge is required, though you\'ll be able to move even quicker through the course if you know next-gen JavaScript features like ES6 Arrow functions.<strong>&nbsp;A short refresher about the most important next-gen features is provided in the course though.</strong></p> </li> </ul> <p><strong>What\'s inside the course?</strong></p> <ul> <li> <p>The \"What\", \"Why\"&nbsp;and \"How\"</p> </li> <li> <p>React Basics (Base features, syntax and concepts)</p> </li> <li> <p>Managing state with class-based components and React Hooks</p> </li> <li> <p>How to output lists and conditional content</p> </li> <li> <p>Styling of React components</p> </li> <li> <p>A deep dive into the internals of React and advanced component features</p> </li> <li> <p>How to access Http content from within React apps (AJAX)</p> </li> <li> <p>Redux,&nbsp;Redux, Redux ... from basics to advanced!</p> </li> <li> <p>Forms and form validation in React apps</p> </li> <li> <p>Authentication</p> </li> <li> <p>An introduction to unit testing</p> </li> <li> <p>An introduction to Next.js</p> </li> <li> <p>React app deployment instructions</p> </li> <li> <p>...and much more!</p> </li> </ul>',1,1,6),(3,'Angular - The Complete Guide (2020 Edition)',1,5,1,'2020-12-22','2020-12-22',129.99,'Master Angular 10 (formerly \"Angular 2\") and build awesome, reactive web apps with the successor of Angular.js','<p><strong>Get a very deep understanding of how to create Angular&nbsp;applications</strong></p> <p>This course will teach you all the fundamentals about modules, directives, components, databinding, routing, HTTP access and much more! We will take a lot of deep dives and each section is backed up with a real project. All examples showcase the features Angular&nbsp;offers and how to apply them correctly.</p> <p>Specifically you will learn:</p> <ul> <li> <p>Which architecture Angular&nbsp;uses</p> </li> <li> <p>How to use TypeScript to write Angular&nbsp;applications</p> </li> <li> <p>All about directives and components, including the creation of custom directives/ components</p> </li> <li> <p>How databinding works</p> </li> <li> <p>All about routing and handling navigation</p> </li> <li> <p>What Pipes are and how to use them</p> </li> <li> <p>How to access the Web (e.g. RESTful servers)</p> </li> <li> <p>What dependency injection is and how to use it</p> </li> <li> <p>How to use Modules in Angular</p> </li> <li> <p>How to optimize your (bigger) Angular&nbsp;Application</p> </li> <li> <p>An introduction to NgRx and complex state management</p> </li> <li> <p>We will build a major project in this course so that you can practice all concepts</p> </li> <li> <p>and so much more!</p> </li> </ul>',1,1,6),(4,'The Complete Node.js Developer Course (3rd Edition)',4,4,1,'2020-12-22','2020-12-22',84.99,'Learn Node.js by building real-world applications with Node, Express, MongoDB, Jest, and more!','<p><strong>During eight chapters you\'ll learn:</strong></p> <p>1. Node.js</p> <p>2. Npm</p> <p>3. Asynchronous programming</p> <p>4. ES6/ES7</p> <p>5. MongoDB</p> <p>6. Express</p> <p>7. Socket.IO</p> <p>8. JWT Authentication</p> <p>9. Mongoose</p> <p>10. File and image uploads</p> <p>11. Email sending</p> <p>12. Application deployment with Heroku</p> <p>13. Version control with Git</p> <p>14. GitHub</p> <p>15. REST API Design</p> <p>16. Code testing</p> <p>17. Debugging</p> <p>18. Jest</p> <p>19. Many more tools</p> <p>I can&rsquo;t wait to see you on the inside!</p>',1,1,6),(5,'2020 Complete Python Bootcamp From Zero to Hero in Python',5,3,1,'2020-12-22','2020-12-22',129.99,'Learn Python like a Professional Start from the basics and go all the way to creating your own applications and games','<p><strong>Learn how to use Python for real-world tasks, such as working with PDF Files, sending emails, reading Excel files, Scraping websites for informations, working with image files, and much more!</strong></p> <p>This course will teach you Python in a practical manner, with every lecture comes a full coding screencast and a corresponding code notebook! Learn in whatever manner is best for you!</p> <p>We will start by helping you get Python installed on your computer, regardless of your operating system, whether its Linux, MacOS, or Windows, we\'ve got you covered.</p> <p>We cover a wide variety of topics, including:</p> <ul> <li> <p>Command Line Basics</p> </li> <li> <p>Installing Python</p> </li> <li> <p>Running Python Code</p> </li> <li> <p>Strings</p> </li> <li> <p>Lists&nbsp;</p> </li> <li> <p>Dictionaries</p> </li> <li> <p>Tuples</p> </li> <li> <p>Sets</p> </li> <li> <p>Number Data Types</p> </li> <li> <p>Print Formatting</p> </li> <li> <p>Functions</p> </li> <li> <p>Scope</p> </li> <li> <p>args/kwargs</p> </li> <li> <p>Built-in Functions</p> </li> <li> <p>Debugging and Error Handling</p> </li> <li> <p>Modules</p> </li> <li> <p>External Modules</p> </li> <li> <p>Object Oriented Programming</p> </li> <li> <p>Inheritance</p> </li> <li> <p>Polymorphism</p> </li> <li> <p>File I/O</p> </li> <li> <p>Advanced Methods</p> </li> <li> <p>Unit Tests</p> </li> <li> <p>and much more!</p> </li> </ul>',1,1,6),(6,'Android App Development Masterclass using Kotlin',6,6,1,'2020-12-22','2020-12-22',99.99,'Learn Kotlin Android App Development And Become an Android Developer. Incl. Kotlin Tutorial and Android Tutorial Videos','<p><strong><em>Should you learn Kotlin?</em></strong></p> <p>Now that Google are pushing so hard for Android developers to use&nbsp;Kotlin, we are seeing a dramatic shift to Kotlin - It\'s similar to the iOS situation a few years ago with Objective-C when Apple released Swift.</p> <p>Fast forward a few years and everyone is using Swift. &nbsp;This is starting to happen with Android app development. Developers who used to use&nbsp; Java are switching to Kotlin.&nbsp; You can see why&nbsp;Google want this to happen.&nbsp; They have been in court numerous times with&nbsp;Oracle&nbsp;(the owners of Java) relating to a dispute over the use of the&nbsp;Java language.</p> <p>Google want developers to adopt Kotlin so that they don\'t have to worry about Java any more.</p> <p>The recent Google I/O conference show mainly Kotlin code examples.&nbsp; You can see where we are heading. &nbsp;Kotlin is the future for Android app development.</p> <p>Soon there will be few&nbsp;Java developers writing Android apps - they will be using Kotlin.</p> <p>The good news is, we\'ve bundled a complete&nbsp;Kotlin tutorial we wrote from scratch with the course.&nbsp; So not only do we use Kotlin in this course&nbsp;(teaching best practices along the way), but we also include a complete Kotlin tutorial as well. You will learn how to use the Kotlin language in this course.</p> <p><strong><em>This is what you&rsquo;ll learn in the course:</em></strong></p> <p>&middot;&nbsp;&nbsp;&nbsp;&nbsp;&nbsp; Develop apps for the very latest version of Android that also work on older Android devices running older versions of the Android operating system.</p> <p>&middot;&nbsp;&nbsp;&nbsp;&nbsp;&nbsp; Download, install and configure the necessary (free) software.</p> <p>&middot;&nbsp;&nbsp;&nbsp;&nbsp;&nbsp; Create your first app.</p> <p>&middot;&nbsp;&nbsp;&nbsp;&nbsp;&nbsp; Build a range of apps demonstrating key aspects of the Android framework.</p> <p>&middot;&nbsp;&nbsp;&nbsp;&nbsp;&nbsp; Test your apps on emulators or a real Android phone or tablet.</p> <p>&middot;&nbsp;&nbsp;&nbsp;&nbsp;&nbsp; You&rsquo;ll learn Kotlin programming because Google are recommending and pushing adoption of Kotlin for&nbsp;Android app development.&nbsp; Included are Kotlin tutorial videos that will get you up to speed fast.</p> <p>&middot;&nbsp;&nbsp;&nbsp;&nbsp;&nbsp; Ensure your apps work with current and older Android versions on phones and tablets.</p> <p>&middot;&nbsp;&nbsp;&nbsp;&nbsp;&nbsp; Use Android studio 3.2, the newest version of Google\'s premier Android tool.</p> <p>&middot;&nbsp;&nbsp;&nbsp;&nbsp;&nbsp; Learn how to use databases, web services, and even get your apps to speak!</p> <p>&middot;&nbsp;&nbsp;&nbsp;&nbsp;&nbsp; Understand the all new Constraint layout, for \"drag and drop\" screen creation.</p> <p>&middot;&nbsp;&nbsp;&nbsp;&nbsp;&nbsp; Use powerful libraries of code to play videos, download website data, manipulate images, and a whole lot more!</p>',1,1,6),(7,'iOS & Swift - The Complete iOS App Development Bootcamp',7,7,1,'2020-12-22','2020-12-22',129.99,'From Beginner to iOS App Developer with Just One Course! Fully Updated with a Comprehensive Module Dedicated to SwiftUI!','<p><strong>Sign up today, and look forwards to:</strong></p> <ul> <li> <p>Over 55 hours of HD 1080p video content, everything you\'ll ever need to succeed as a iOS developer.</p> </li> <li> <p>Building over 25 fully-fledged apps including ones that use machine learning and augmented reality</p> </li> <li> <p>All the knowledge you need to start building any app you want</p> </li> <li> <p>A giant bundle of design assets</p> </li> <li> <p>Our best selling 12 Rules to Learn to Code eBook</p> </li> <li> <p>$8000+ app development bootcamp course materials and curriculum</p> </li> </ul> <p><strong>From Beginner to iOS 13 App Developer with Just One Course</strong></p> <p>We know that you\'re here because you value your time. If you wanted to watch someone program for hours and hours without explaining what they\'re doing, you\'d be on YouTube.</p> <p>By getting this course, you can be rest assured that the course is carefully thought out and edited. There are beautiful animations that explain all the difficult concepts and the videos are&nbsp;<strong>fully up to date</strong>&nbsp;with the latest versions of Swift and Xcode.</p> <p>So by the end of the course, you\'ll completely understand:</p> <ul> <li> <p>Concepts of Object Oriented Programming (OOP): The type system, variables, functions and methods, inheritance, structures, classes and protocols.</p> </li> <li> <p>Control Structures: Using If/&shy;Else clauses, Switch statements and logic to control the flow of execution.</p> </li> <li> <p>Data Structures: How to work with collections, such as arrays and dictionaries.</p> </li> <li> <p>Software Design: How to organise and format code for readability and how to implement the Model &shy;View&shy; Controller (MVC) design pattern, Apple\'s favourite delegation pattern and the publisher pattern.</p> </li> <li> <p>Networking: How to make asynchronous API calls, store and retrieve data from the cloud, and use the JSON format for server communication.</p> </li> <li> <p>Persistent Local Data Storage: How to use Core Data, Realm, Codable and User Defaults to store your app data locally.</p> </li> <li> <p>How to Implement In-App Purchases with Apple StoreKit</p> </li> <li> <p>Machine Learning: How to make artificially intelligent apps and build your own machine learning models using iOS 13\'s new CoreML2 and CreateML frameworks.</p> </li> <li> <p>Augmented Reality: How to create 3D objects in augmented reality and create incredible 3D animations and real-life interactions using Apple\'s latest ARKit2 framework.</p> </li> <li> <p>SwiftUI: How to use Apple\'s brand new UI framework to create user interfaces programmatically that look good across all Apple products.</p> </li> </ul>',1,0,6),(8,'The Complete React Native + Hooks Course [2020 Edition]',8,8,1,'2020-12-22','2020-12-22',94.99,'Understand React Native v0.62.2 with Hooks, Context, and React Navigation.','<p><strong>Both OSX and Windows supported - develop iOS or Android!</strong></p> <p>This course includes content on both v0.62.2 and the legacy v0.30.x, which is widely used in industry.</p> <p>We\'ll start by mastering the fundamentals of React, including JSX, &ldquo;props\", &ldquo;state\", and event handling. Source code is provided for each lecture, so you will always&nbsp;<strong>stay up-to-date</strong>&nbsp;with the course pacing. &nbsp;Special attention has been paid to creating&nbsp;<strong>reusable components</strong>&nbsp;that you\'ll be able to make use of on your own fantastic projects.</p> <p>React Native is an excellent solution for developing apps on mobile in a fraction of the time it takes to make an equivalent iOS or Swift app. &nbsp;You\'ll love seeing your changes instantly appear on your own device, rather than waiting for Swift/Java code to recompile! &nbsp;This quick feedback loop, along with excellent cross platform support, is what has catapulted React Native to the top must-have skill for Javascript engineers.</p> <p>If you are new to React, or if you\'ve been working to learn it but sometimes feel like you still don\'t quite \'get it\', this is the React course for you! To learn React you have to understand it.</p> <ul> <li> <p>Learn how to use React\'s custom markup language, JSX, to clean up your Javascript code</p> </li> <li> <p>Master the process of breaking down a complex component into many smaller, interchangeable components</p> </li> <li> <p>Grasp the difference between &ldquo;props\" and &ldquo;state\" and when to use each</p> </li> <li> <p>Render interactive, media-rich components in beautifully styled apps</p> </li> <li> <p>Develop apps that are unique, fun, and responsive</p> </li> <li> <p>Build on&nbsp;<strong>both Android and iOS</strong>&nbsp;platforms</p> </li> <li> <p>Master integration with&nbsp;<strong>Firebase for user authentication</strong></p> </li> <li> <p>Learn the core principles of&nbsp;<strong>navigation</strong>&nbsp;with React Native</p> </li> </ul>',1,0,6),(9,'The Complete Android N Developer Course',9,9,1,'2020-12-22','2020-12-22',129.99,'Learn Android App Development with Android 7 Nougat by building real apps including Uber, Whatsapp and Instagram!','<p><strong>Buy this course today and this is what you&rsquo;ll get.</strong></p> <p>Firstly, using Java and Android Studio, I\'ll teach you how to build real, marketable apps by cloning WhatsApp, Uber and Instagram.&nbsp; &nbsp;</p> <p>And by the way&mdash;just like my other record-smashing courses&mdash;this course is project based, which means you build your own apps in REALTIME&hellip;As. You. Learn. &nbsp;&nbsp; &nbsp;</p> <p>Over half a million students tell me this is THE most motivating and effective way to absorb information.&nbsp; &nbsp;</p> <p>&middot;&nbsp;&nbsp;&nbsp;&nbsp;&nbsp; You\'ll start by downloading Android Studio and building an easy-peasy Currency Converter app.&nbsp; &nbsp;</p> <p>&middot;&nbsp;&nbsp;&nbsp;&nbsp;&nbsp; Next up: you\'ll build a Favourite Places app and a Brain Training app, before working your way up to WhatsApp, Uber and Instagram clones&nbsp;&mdash;&nbsp;using Parse Server.&nbsp; &nbsp;</p> <p>&middot;&nbsp;&nbsp;&nbsp;&nbsp;&nbsp; You\'ll also get a full guide on submitting your apps to Google Play, plus THREE BRAND NEW WALK-THROUGH chapters explaining exactly how to effectively market your apps&mdash;and generate revenue with Google Ads.&nbsp; &nbsp;</p> <p>&middot;&nbsp;&nbsp;&nbsp;&nbsp;&nbsp; You\'ll learn all the latest Android N features, including App Permissions and Android Pay.&nbsp; &nbsp;</p> <p>&middot;&nbsp;&nbsp;&nbsp;&nbsp;&nbsp; And finally, we\'ll take a look at Android Wear - the future of wearable computing.</p> <p><strong>Can you believe you get all this (and more) for just $200?</strong>&nbsp;&nbsp;</p> <p><em>&ldquo;Amazing course that teaches you everything you want to learn about making android apps from the basic to the advanced. Even if you have no knowledge you can learn so much from this course.&rdquo;</em>&nbsp;&nbsp;</p>',1,0,6),(10,'Modern React with Redux [2020 Update]',10,8,1,'2020-12-22','2020-12-22',129.99,'Master React v16.6.3 and Redux with React Router, Webpack, and Create-React-App. Includes Hooks!','<p><strong><em>What will you build?</em></strong></p> <p>This course features hundreds of videos with&nbsp;<strong>dozens of custom diagrams</strong>&nbsp;to help you understand how React and Redux work. &nbsp;No prior experience with either is necessary. Through tireless, patient explanations and many interesting practical examples, you\'ll learn the fundamentals of building dynamic and live web apps using React.</p> <p>Each topic included in this course is added incrementally, to make sure that you have a solid foundation of knowledge.&nbsp; You\'ll find plenty of discussion added in to help you understand exactly when and where to use each feature of React and Redux.</p> <p><strong>My guarantee to you: there is no other course online that teaches more features of React and Redux.&nbsp; This is the most comprehensive resource there is.</strong></p> <p>&nbsp;</p> <p>Below is a&nbsp;<strong><em>partial list&nbsp;</em></strong>of the topics you\'ll find in this course:</p> <ul> <li> <p>Master the&nbsp;<strong>fundamental features</strong>&nbsp;of React, including JSX, state, and props</p> </li> <li> <p>From square one, understand how to build&nbsp;<strong>reusable components</strong></p> </li> <li> <p>Dive into the&nbsp;<strong>source code of Redux&nbsp;</strong>to understand how it works behind the scenes</p> </li> <li> <p>Test your knowledge and hone your skills with&nbsp;<strong>numerous coding exercises</strong></p> </li> <li> <p>Integrate React with advanced browser features, even&nbsp;<strong>geolocation API\'s</strong>!</p> </li> <li> <p>Use popular&nbsp;<strong>styling libraries&nbsp;</strong>to build beautiful apps</p> </li> <li> <p>Master different techniques of&nbsp;<strong>deployment</strong>&nbsp;so you can show off the apps you build!</p> </li> <li> <p>See different methods of building UI\'s through&nbsp;<strong>composition of components</strong></p> </li> </ul>',1,0,6),(11,'Modern JavaScript From The Beginning',2,3,1,'2021-01-17','2021-01-17',129.99,'Learn and build projects with pure JavaScript (No frameworks or libraries)','<p>For Beginners:</p>    <p>Learn JavaScript programming right from the fundamentals in a fun and easy way. If you are a beginner and want to learn JS, then this entire video series is exactly for you. In this complete JavaScript for beginners series we will learn -</p><ol><li>The core Basics & Fundamentals of JS</li><li>Syntax & Features of JS</li><li>Live JavaScript uses cases and Examples</li><li>Client Side Validations</li><li>GUI and visual effects</li><li>How to use 3rd Party JS libararies and a lot more.</li></ol><p><br></p>    <p>Some very basic pre-requisites are -</p><ol><li>Basic HTML knowledge</li><li>Basic CSS knowledge</li></ol>',1,0,6),(12,'Modern React with Redux [2020 Update]',3,4,1,'2021-01-17','2021-01-17',129.99,'Dive in and learn React.js from scratch! Learn Reactjs, Hooks, Redux, React Routing, Animations, Next.js and way more!','<p><strong>Is this course for you?</strong></p> <p>This course is for you if ...</p> <ul> <li> <p>...you\'re just getting started with frontend/&nbsp;JavaScript development and only got the JS&nbsp;basics set (no prior React or other framework experience is required!)</p> </li> <li> <p>...you\'re experienced with Angular or Vue but want to dive into React</p> </li> <li> <p>...know the React basics but want to refresh them and/ or dive deeper</p> </li> <li> <p>...already worked quite a bit with React but want to dive deeper and see it all come together in a bigger app</p> </li> </ul> <p><strong>What should you bring to succeed in that course?</strong></p> <ul> <li> <p>HTML + CSS&nbsp;+ JavaScript knowledge is required. You don\'t need to be an expert but the basics need to be set</p> </li> <li> <p>NO&nbsp;advanced JavaScript knowledge is required, though you\'ll be able to move even quicker through the course if you know next-gen JavaScript features like ES6 Arrow functions.<strong>&nbsp;A short refresher about the most important next-gen features is provided in the course though.</strong></p> </li> </ul> <p><strong>What\'s inside the course?</strong></p> <ul> <li> <p>The \"What\", \"Why\"&nbsp;and \"How\"</p> </li> <li> <p>React Basics (Base features, syntax and concepts)</p> </li> <li> <p>Managing state with class-based components and React Hooks</p> </li> <li> <p>How to output lists and conditional content</p> </li> <li> <p>Styling of React components</p> </li> <li> <p>A deep dive into the internals of React and advanced component features</p> </li> <li> <p>How to access Http content from within React apps (AJAX)</p> </li> <li> <p>Redux,&nbsp;Redux, Redux ... from basics to advanced!</p> </li> <li> <p>Forms and form validation in React apps</p> </li> <li> <p>Authentication</p> </li> <li> <p>An introduction to unit testing</p> </li> <li> <p>An introduction to Next.js</p> </li> <li> <p>React app deployment instructions</p> </li> <li> <p>...and much more!</p> </li> </ul>',1,0,6),(13,'Angular & NodeJS - The MEAN Stack Guide [2021 Edition]',1,5,1,'2021-01-17','2021-01-17',84.99,'Master Angular 10 (formerly \"Angular 2\") and build awesome, reactive web apps with the successor of Angular.js','<p><strong>Get a very deep understanding of how to create Angular&nbsp;applications</strong></p> <p>This course will teach you all the fundamentals about modules, directives, components, databinding, routing, HTTP access and much more! We will take a lot of deep dives and each section is backed up with a real project. All examples showcase the features Angular&nbsp;offers and how to apply them correctly.</p> <p>Specifically you will learn:</p> <ul> <li> <p>Which architecture Angular&nbsp;uses</p> </li> <li> <p>How to use TypeScript to write Angular&nbsp;applications</p> </li> <li> <p>All about directives and components, including the creation of custom directives/ components</p> </li> <li> <p>How databinding works</p> </li> <li> <p>All about routing and handling navigation</p> </li> <li> <p>What Pipes are and how to use them</p> </li> <li> <p>How to access the Web (e.g. RESTful servers)</p> </li> <li> <p>What dependency injection is and how to use it</p> </li> <li> <p>How to use Modules in Angular</p> </li> <li> <p>How to optimize your (bigger) Angular&nbsp;Application</p> </li> <li> <p>An introduction to NgRx and complex state management</p> </li> <li> <p>We will build a major project in this course so that you can practice all concepts</p> </li> <li> <p>and so much more!</p> </li> </ul>',1,0,6),(14,'Learn and Understand NodeJS',4,4,1,'2021-01-17','2021-01-17',99.99,'Learn Node.js by building real-world applications with Node, Express, MongoDB, Jest, and more!','<p><strong>During eight chapters you\'ll learn:</strong></p> <p>1. Node.js</p> <p>2. Npm</p> <p>3. Asynchronous programming</p> <p>4. ES6/ES7</p> <p>5. MongoDB</p> <p>6. Express</p> <p>7. Socket.IO</p> <p>8. JWT Authentication</p> <p>9. Mongoose</p> <p>10. File and image uploads</p> <p>11. Email sending</p> <p>12. Application deployment with Heroku</p> <p>13. Version control with Git</p> <p>14. GitHub</p> <p>15. REST API Design</p> <p>16. Code testing</p> <p>17. Debugging</p> <p>18. Jest</p> <p>19. Many more tools</p> <p>I can&rsquo;t wait to see you on the inside!</p>',1,0,6),(15,'Machine Learning A-Z™: Hands-On Python & R In Data Science',5,3,1,'2021-01-17','2021-01-17',129.99,'Learn Python like a Professional Start from the basics and go all the way to creating your own applications and games','<p><strong>Learn how to use Python for real-world tasks, such as working with PDF Files, sending emails, reading Excel files, Scraping websites for informations, working with image files, and much more!</strong></p> <p>This course will teach you Python in a practical manner, with every lecture comes a full coding screencast and a corresponding code notebook! Learn in whatever manner is best for you!</p> <p>We will start by helping you get Python installed on your computer, regardless of your operating system, whether its Linux, MacOS, or Windows, we\'ve got you covered.</p> <p>We cover a wide variety of topics, including:</p> <ul> <li> <p>Command Line Basics</p> </li> <li> <p>Installing Python</p> </li> <li> <p>Running Python Code</p> </li> <li> <p>Strings</p> </li> <li> <p>Lists&nbsp;</p> </li> <li> <p>Dictionaries</p> </li> <li> <p>Tuples</p> </li> <li> <p>Sets</p> </li> <li> <p>Number Data Types</p> </li> <li> <p>Print Formatting</p> </li> <li> <p>Functions</p> </li> <li> <p>Scope</p> </li> <li> <p>args/kwargs</p> </li> <li> <p>Built-in Functions</p> </li> <li> <p>Debugging and Error Handling</p> </li> <li> <p>Modules</p> </li> <li> <p>External Modules</p> </li> <li> <p>Object Oriented Programming</p> </li> <li> <p>Inheritance</p> </li> <li> <p>Polymorphism</p> </li> <li> <p>File I/O</p> </li> <li> <p>Advanced Methods</p> </li> <li> <p>Unit Tests</p> </li> <li> <p>and much more!</p> </li> </ul>',1,0,6),(16,'The Complete Android Kotlin Developer Course',6,6,1,'2021-01-17','2021-01-17',94.99,'Learn Kotlin Android App Development And Become an Android Developer. Incl. Kotlin Tutorial and Android Tutorial Videos','<p><strong><em>Should you learn Kotlin?</em></strong></p> <p>Now that Google are pushing so hard for Android developers to use&nbsp;Kotlin, we are seeing a dramatic shift to Kotlin - It\'s similar to the iOS situation a few years ago with Objective-C when Apple released Swift.</p> <p>Fast forward a few years and everyone is using Swift. &nbsp;This is starting to happen with Android app development. Developers who used to use&nbsp; Java are switching to Kotlin.&nbsp; You can see why&nbsp;Google want this to happen.&nbsp; They have been in court numerous times with&nbsp;Oracle&nbsp;(the owners of Java) relating to a dispute over the use of the&nbsp;Java language.</p> <p>Google want developers to adopt Kotlin so that they don\'t have to worry about Java any more.</p> <p>The recent Google I/O conference show mainly Kotlin code examples.&nbsp; You can see where we are heading. &nbsp;Kotlin is the future for Android app development.</p> <p>Soon there will be few&nbsp;Java developers writing Android apps - they will be using Kotlin.</p> <p>The good news is, we\'ve bundled a complete&nbsp;Kotlin tutorial we wrote from scratch with the course.&nbsp; So not only do we use Kotlin in this course&nbsp;(teaching best practices along the way), but we also include a complete Kotlin tutorial as well. You will learn how to use the Kotlin language in this course.</p> <p><strong><em>This is what you&rsquo;ll learn in the course:</em></strong></p> <p>&middot;&nbsp;&nbsp;&nbsp;&nbsp;&nbsp; Develop apps for the very latest version of Android that also work on older Android devices running older versions of the Android operating system.</p> <p>&middot;&nbsp;&nbsp;&nbsp;&nbsp;&nbsp; Download, install and configure the necessary (free) software.</p> <p>&middot;&nbsp;&nbsp;&nbsp;&nbsp;&nbsp; Create your first app.</p> <p>&middot;&nbsp;&nbsp;&nbsp;&nbsp;&nbsp; Build a range of apps demonstrating key aspects of the Android framework.</p> <p>&middot;&nbsp;&nbsp;&nbsp;&nbsp;&nbsp; Test your apps on emulators or a real Android phone or tablet.</p> <p>&middot;&nbsp;&nbsp;&nbsp;&nbsp;&nbsp; You&rsquo;ll learn Kotlin programming because Google are recommending and pushing adoption of Kotlin for&nbsp;Android app development.&nbsp; Included are Kotlin tutorial videos that will get you up to speed fast.</p> <p>&middot;&nbsp;&nbsp;&nbsp;&nbsp;&nbsp; Ensure your apps work with current and older Android versions on phones and tablets.</p> <p>&middot;&nbsp;&nbsp;&nbsp;&nbsp;&nbsp; Use Android studio 3.2, the newest version of Google\'s premier Android tool.</p> <p>&middot;&nbsp;&nbsp;&nbsp;&nbsp;&nbsp; Learn how to use databases, web services, and even get your apps to speak!</p> <p>&middot;&nbsp;&nbsp;&nbsp;&nbsp;&nbsp; Understand the all new Constraint layout, for \"drag and drop\" screen creation.</p> <p>&middot;&nbsp;&nbsp;&nbsp;&nbsp;&nbsp; Use powerful libraries of code to play videos, download website data, manipulate images, and a whole lot more!</p>',1,0,6),(17,'iOS 11 & Swift 4 - The Complete iOS App Development Bootcamp',7,7,1,'2021-01-17','2021-01-17',129.99,'From Beginner to iOS App Developer with Just One Course! Fully Updated with a Comprehensive Module Dedicated to SwiftUI!','<p><strong>Sign up today, and look forwards to:</strong></p> <ul> <li> <p>Over 55 hours of HD 1080p video content, everything you\'ll ever need to succeed as a iOS developer.</p> </li> <li> <p>Building over 25 fully-fledged apps including ones that use machine learning and augmented reality</p> </li> <li> <p>All the knowledge you need to start building any app you want</p> </li> <li> <p>A giant bundle of design assets</p> </li> <li> <p>Our best selling 12 Rules to Learn to Code eBook</p> </li> <li> <p>$8000+ app development bootcamp course materials and curriculum</p> </li> </ul> <p><strong>From Beginner to iOS 13 App Developer with Just One Course</strong></p> <p>We know that you\'re here because you value your time. If you wanted to watch someone program for hours and hours without explaining what they\'re doing, you\'d be on YouTube.</p> <p>By getting this course, you can be rest assured that the course is carefully thought out and edited. There are beautiful animations that explain all the difficult concepts and the videos are&nbsp;<strong>fully up to date</strong>&nbsp;with the latest versions of Swift and Xcode.</p> <p>So by the end of the course, you\'ll completely understand:</p> <ul> <li> <p>Concepts of Object Oriented Programming (OOP): The type system, variables, functions and methods, inheritance, structures, classes and protocols.</p> </li> <li> <p>Control Structures: Using If/&shy;Else clauses, Switch statements and logic to control the flow of execution.</p> </li> <li> <p>Data Structures: How to work with collections, such as arrays and dictionaries.</p> </li> <li> <p>Software Design: How to organise and format code for readability and how to implement the Model &shy;View&shy; Controller (MVC) design pattern, Apple\'s favourite delegation pattern and the publisher pattern.</p> </li> <li> <p>Networking: How to make asynchronous API calls, store and retrieve data from the cloud, and use the JSON format for server communication.</p> </li> <li> <p>Persistent Local Data Storage: How to use Core Data, Realm, Codable and User Defaults to store your app data locally.</p> </li> <li> <p>How to Implement In-App Purchases with Apple StoreKit</p> </li> <li> <p>Machine Learning: How to make artificially intelligent apps and build your own machine learning models using iOS 13\'s new CoreML2 and CreateML frameworks.</p> </li> <li> <p>Augmented Reality: How to create 3D objects in augmented reality and create incredible 3D animations and real-life interactions using Apple\'s latest ARKit2 framework.</p> </li> <li> <p>SwiftUI: How to use Apple\'s brand new UI framework to create user interfaces programmatically that look good across all Apple products.</p> </li> </ul>',1,0,6),(18,'React Native - The Practical Guide [2021 Edition]',8,8,1,'2021-01-17','2021-01-17',129.99,'Understand React Native v0.62.2 with Hooks, Context, and React Navigation.','<p><strong>Both OSX and Windows supported - develop iOS or Android!</strong></p> <p>This course includes content on both v0.62.2 and the legacy v0.30.x, which is widely used in industry.</p> <p>We\'ll start by mastering the fundamentals of React, including JSX, &ldquo;props\", &ldquo;state\", and event handling. Source code is provided for each lecture, so you will always&nbsp;<strong>stay up-to-date</strong>&nbsp;with the course pacing. &nbsp;Special attention has been paid to creating&nbsp;<strong>reusable components</strong>&nbsp;that you\'ll be able to make use of on your own fantastic projects.</p> <p>React Native is an excellent solution for developing apps on mobile in a fraction of the time it takes to make an equivalent iOS or Swift app. &nbsp;You\'ll love seeing your changes instantly appear on your own device, rather than waiting for Swift/Java code to recompile! &nbsp;This quick feedback loop, along with excellent cross platform support, is what has catapulted React Native to the top must-have skill for Javascript engineers.</p> <p>If you are new to React, or if you\'ve been working to learn it but sometimes feel like you still don\'t quite \'get it\', this is the React course for you! To learn React you have to understand it.</p> <ul> <li> <p>Learn how to use React\'s custom markup language, JSX, to clean up your Javascript code</p> </li> <li> <p>Master the process of breaking down a complex component into many smaller, interchangeable components</p> </li> <li> <p>Grasp the difference between &ldquo;props\" and &ldquo;state\" and when to use each</p> </li> <li> <p>Render interactive, media-rich components in beautifully styled apps</p> </li> <li> <p>Develop apps that are unique, fun, and responsive</p> </li> <li> <p>Build on&nbsp;<strong>both Android and iOS</strong>&nbsp;platforms</p> </li> <li> <p>Master integration with&nbsp;<strong>Firebase for user authentication</strong></p> </li> <li> <p>Learn the core principles of&nbsp;<strong>navigation</strong>&nbsp;with React Native</p> </li> </ul>',1,0,6),(19,'The Complete Android Oreo Developer Course - Build 23 Apps!',9,9,1,'2021-01-17','2021-01-17',129.99,'Learn Android App Development with Android 7 Nougat by building real apps including Uber, Whatsapp and Instagram!','<p><strong>Buy this course today and this is what you&rsquo;ll get.</strong></p> <p>Firstly, using Java and Android Studio, I\'ll teach you how to build real, marketable apps by cloning WhatsApp, Uber and Instagram.&nbsp; &nbsp;</p> <p>And by the way&mdash;just like my other record-smashing courses&mdash;this course is project based, which means you build your own apps in REALTIME&hellip;As. You. Learn. &nbsp;&nbsp; &nbsp;</p> <p>Over half a million students tell me this is THE most motivating and effective way to absorb information.&nbsp; &nbsp;</p> <p>&middot;&nbsp;&nbsp;&nbsp;&nbsp;&nbsp; You\'ll start by downloading Android Studio and building an easy-peasy Currency Converter app.&nbsp; &nbsp;</p> <p>&middot;&nbsp;&nbsp;&nbsp;&nbsp;&nbsp; Next up: you\'ll build a Favourite Places app and a Brain Training app, before working your way up to WhatsApp, Uber and Instagram clones&nbsp;&mdash;&nbsp;using Parse Server.&nbsp; &nbsp;</p> <p>&middot;&nbsp;&nbsp;&nbsp;&nbsp;&nbsp; You\'ll also get a full guide on submitting your apps to Google Play, plus THREE BRAND NEW WALK-THROUGH chapters explaining exactly how to effectively market your apps&mdash;and generate revenue with Google Ads.&nbsp; &nbsp;</p> <p>&middot;&nbsp;&nbsp;&nbsp;&nbsp;&nbsp; You\'ll learn all the latest Android N features, including App Permissions and Android Pay.&nbsp; &nbsp;</p> <p>&middot;&nbsp;&nbsp;&nbsp;&nbsp;&nbsp; And finally, we\'ll take a look at Android Wear - the future of wearable computing.</p> <p><strong>Can you believe you get all this (and more) for just $200?</strong>&nbsp;&nbsp;</p> <p><em>&ldquo;Amazing course that teaches you everything you want to learn about making android apps from the basic to the advanced. Even if you have no knowledge you can learn so much from this course.&rdquo;</em>&nbsp;&nbsp;</p>',1,0,6),(20,'Advanced React and Redux',10,8,1,'2021-01-17','2021-01-17',129.99,'Master React v16.6.3 and Redux with React Router, Webpack, and Create-React-App. Includes Hooks!','<p><strong><em>What will you build?</em></strong></p> <p>This course features hundreds of videos with&nbsp;<strong>dozens of custom diagrams</strong>&nbsp;to help you understand how React and Redux work. &nbsp;No prior experience with either is necessary. Through tireless, patient explanations and many interesting practical examples, you\'ll learn the fundamentals of building dynamic and live web apps using React.</p> <p>Each topic included in this course is added incrementally, to make sure that you have a solid foundation of knowledge.&nbsp; You\'ll find plenty of discussion added in to help you understand exactly when and where to use each feature of React and Redux.</p> <p><strong>My guarantee to you: there is no other course online that teaches more features of React and Redux.&nbsp; This is the most comprehensive resource there is.</strong></p> <p>&nbsp;</p> <p>Below is a&nbsp;<strong><em>partial list&nbsp;</em></strong>of the topics you\'ll find in this course:</p> <ul> <li> <p>Master the&nbsp;<strong>fundamental features</strong>&nbsp;of React, including JSX, state, and props</p> </li> <li> <p>From square one, understand how to build&nbsp;<strong>reusable components</strong></p> </li> <li> <p>Dive into the&nbsp;<strong>source code of Redux&nbsp;</strong>to understand how it works behind the scenes</p> </li> <li> <p>Test your knowledge and hone your skills with&nbsp;<strong>numerous coding exercises</strong></p> </li> <li> <p>Integrate React with advanced browser features, even&nbsp;<strong>geolocation API\'s</strong>!</p> </li> <li> <p>Use popular&nbsp;<strong>styling libraries&nbsp;</strong>to build beautiful apps</p> </li> <li> <p>Master different techniques of&nbsp;<strong>deployment</strong>&nbsp;so you can show off the apps you build!</p> </li> <li> <p>See different methods of building UI\'s through&nbsp;<strong>composition of components</strong></p> </li> </ul>',1,0,6);
/*!40000 ALTER TABLE `courses` ENABLE KEYS */;
UNLOCK TABLES;

--
-- Table structure for table `feedback`
--

DROP TABLE IF EXISTS `feedback`;
/*!40101 SET @saved_cs_client     = @@character_set_client */;
/*!50503 SET character_set_client = utf8mb4 */;
CREATE TABLE `feedback` (
  `FeedbackID` int unsigned NOT NULL AUTO_INCREMENT,
  `StudentID` int NOT NULL,
  `CourseID` int NOT NULL,
  `Star` int DEFAULT NULL,
  `Comment` text CHARACTER SET utf8 COLLATE utf8_bin,
  PRIMARY KEY (`FeedbackID`)
) ENGINE=InnoDB AUTO_INCREMENT=30 DEFAULT CHARSET=utf8 COLLATE=utf8_bin;
/*!40101 SET character_set_client = @saved_cs_client */;

--
-- Dumping data for table `feedback`
--

LOCK TABLES `feedback` WRITE;
/*!40000 ALTER TABLE `feedback` DISABLE KEYS */;
INSERT INTO `feedback` VALUES (1,10,1,5,'It is an amazing course, earlier I didn\'t have the confidence to work on UI but after this course, I have the confidence that I can build and understand the code that is written by any JS developer.'),(2,10,2,4,'It was great. Occasionally got overly complicated and seemed to show a way to do things that weren\'t the simplest, most logical way. But great overall.'),(3,10,3,4,'Some parts of the course are still using old versions packages, Feels like, he is just changing the Name of the course only. But overall It is a Great course.'),(4,10,4,5,'Great teacher, clear and precise explanations. It has a lot of contents, although so far i can\'t say If it covers a great amount of subject to consider a complete course. However it helps you to learn the basics.'),(5,10,5,5,'This course is fantastic! I learned so much so far, and I knew nothing about any programming languages.'),(6,11,1,4,'Very Awesome !! explained the java script the way a programmer should think and program , very good , i loved it'),(7,11,2,4,'This course was great to supplement the coding boot camp I went to! Starts off with the basics but it gets pretty advanced in a hurry.'),(8,11,3,5,'This course is a comprehensive compendium of knowledge about Angular. Interesting examples, understandable explanation. I recommend this course.'),(9,11,4,4,'One to best tutorial to get started in backend. Very good explanation and best for beginner those who want to learn nodejs.'),(10,11,5,5,'I enjoyed learning at my pace. I am glad that I could grow my skills as a new programmer!'),(11,12,6,5,'A very comprehensive and well explained course. Certainly it helped me to become a better and more prepared android developer. Thanks a lot Tim. I totally recommend.'),(12,12,7,5,'It was amazing experience for me .The course gave a good refresh of certain aspects of app development . Coming from the android app development background i was able relate and distinguish in most of the sections . It was an all in one package for a beginner in IOS development.'),(13,12,8,4,'All the initial tutorials have demo code attached to it. After that there are lots of tutorials which are outdated and don\'t have tutorials and hard to find a compatible match on the web.'),(14,12,9,4,'There is almost no information on how to build a modern (or any proper) user interface, with smooth transitions and data movement. Applications in the examples are non-scalable :/'),(15,12,10,4,'If is someone winning at final(the last sign r x y) ... it throw us the draw pop-up.... + we don\'t recieve any answers to the question we\'ve put ....'),(16,13,6,5,'Great course. Bit of a change of pace with lecturers changing half way through but I feel as though this is a great grounding for your own projects. Thanks Tim, David and Jean-Paul!'),(17,13,7,4,'Amazing course, it doesn’t get much better than this for this price it’s a steal, Angela does a really good job explaining things, worth every cent!'),(18,13,8,5,'This course is not updated. In the last app, I spent most of the time fixing bugs. Its better to go through medium/blogs to build small apps'),(19,13,9,4,'It\'s an amazingly well organized detailed course. It would be great if this course also adds a way typescript is used in building react applications for the basic libraries used here.'),(20,13,10,5,'Stephen has extraordinary talent in both on the subject and on teaching. He went into minute details of each concept and explained. This is definitely one of the best courses on ReactJS.'),(28,14,1,5,'Amazing course!!!'),(29,14,3,5,'Amazing Course!!!');
/*!40000 ALTER TABLE `feedback` ENABLE KEYS */;
UNLOCK TABLES;

--
-- Table structure for table `learn_progress`
--

DROP TABLE IF EXISTS `learn_progress`;
/*!40101 SET @saved_cs_client     = @@character_set_client */;
/*!50503 SET character_set_client = utf8mb4 */;
CREATE TABLE `learn_progress` (
  `ID` int unsigned NOT NULL AUTO_INCREMENT,
  `CourseID` int NOT NULL,
  `Index` int NOT NULL,
  `StudentID` int NOT NULL,
  `Status` tinyint(1) NOT NULL,
  PRIMARY KEY (`ID`)
) ENGINE=InnoDB AUTO_INCREMENT=163 DEFAULT CHARSET=utf8mb4 COLLATE=utf8mb4_0900_ai_ci;
/*!40101 SET character_set_client = @saved_cs_client */;

--
-- Dumping data for table `learn_progress`
--

LOCK TABLES `learn_progress` WRITE;
/*!40000 ALTER TABLE `learn_progress` DISABLE KEYS */;
INSERT INTO `learn_progress` VALUES (1,1,1,10,0),(2,1,2,10,0),(3,1,3,10,0),(4,1,4,10,0),(5,1,5,10,0),(6,1,6,10,0),(7,2,1,10,0),(8,2,2,10,0),(9,2,3,10,0),(10,2,4,10,0),(11,2,5,10,0),(12,2,6,10,0),(13,3,1,10,0),(14,3,2,10,0),(15,3,3,10,0),(16,3,4,10,0),(17,3,5,10,0),(18,3,6,10,0),(19,4,1,10,0),(20,4,2,10,0),(21,4,3,10,0),(22,4,4,10,0),(23,4,5,10,0),(24,4,6,10,0),(25,5,1,10,0),(26,5,2,10,0),(27,5,3,10,0),(28,5,4,10,0),(29,5,5,10,0),(30,5,6,10,0),(31,6,1,10,0),(32,6,2,10,0),(33,6,3,10,0),(34,6,4,10,0),(35,6,5,10,0),(36,6,6,10,0),(37,1,1,11,0),(38,1,2,11,0),(39,1,3,11,0),(40,1,4,11,0),(41,1,5,11,0),(42,1,6,11,0),(43,2,1,11,0),(44,2,2,11,0),(45,2,3,11,0),(46,2,4,11,0),(47,2,5,11,0),(48,2,6,11,0),(49,3,1,11,0),(50,3,2,11,0),(51,3,3,11,0),(52,3,4,11,0),(53,3,5,11,0),(54,3,6,11,0),(55,4,1,11,0),(56,4,2,11,0),(57,4,3,11,0),(58,4,4,11,0),(59,4,5,11,0),(60,4,6,11,0),(61,5,1,11,0),(62,5,2,11,0),(63,5,3,11,0),(64,5,4,11,0),(65,5,5,11,0),(66,5,6,11,0),(67,6,1,12,0),(68,6,2,12,0),(69,6,3,12,0),(70,6,4,12,0),(71,6,5,12,0),(72,6,6,12,0),(73,7,1,12,0),(74,7,2,12,0),(75,7,3,12,0),(76,7,4,12,0),(77,7,5,12,0),(78,7,6,12,0),(79,8,1,12,0),(80,8,2,12,0),(81,8,3,12,0),(82,8,4,12,0),(83,8,5,12,0),(84,8,6,12,0),(85,9,1,12,0),(86,9,2,12,0),(87,9,3,12,0),(88,9,4,12,0),(89,9,5,12,0),(90,9,6,12,0),(91,10,1,12,0),(92,10,2,12,0),(93,10,3,12,0),(94,10,4,12,0),(95,10,5,12,0),(96,10,6,12,0),(97,6,1,13,0),(98,6,2,13,0),(99,6,3,13,0),(100,6,4,13,0),(101,6,5,13,0),(102,6,6,13,0),(103,7,1,13,0),(104,7,2,13,0),(105,7,3,13,0),(106,7,4,13,0),(107,7,5,13,0),(108,7,6,13,0),(109,8,1,13,0),(110,8,2,13,0),(111,8,3,13,0),(112,8,4,13,0),(113,8,5,13,0),(114,8,6,13,0),(115,9,1,13,0),(116,9,2,13,0),(117,9,3,13,0),(118,9,4,13,0),(119,9,5,13,0),(120,9,6,13,0),(121,10,1,13,0),(122,10,2,13,0),(123,10,3,13,0),(124,10,4,13,0),(125,10,5,13,0),(126,10,6,13,0),(127,1,1,14,1),(128,1,2,14,1),(129,1,3,14,1),(130,1,4,14,1),(131,1,5,14,0),(132,1,6,14,0),(133,2,1,14,0),(134,2,2,14,0),(135,2,3,14,0),(136,2,4,14,0),(137,2,5,14,0),(138,2,6,14,0),(139,3,1,14,0),(140,3,2,14,0),(141,3,3,14,0),(142,3,4,14,0),(143,3,5,14,0),(144,3,6,14,0),(145,4,1,14,0),(146,4,2,14,0),(147,4,3,14,0),(148,4,4,14,0),(149,4,5,14,0),(150,4,6,14,0),(151,6,1,14,0),(152,6,2,14,0),(153,6,3,14,0),(154,6,4,14,0),(155,6,5,14,0),(156,6,6,14,0),(157,5,1,14,1),(158,5,2,14,1),(159,5,3,14,0),(160,5,4,14,0),(161,5,5,14,0),(162,5,6,14,0);
/*!40000 ALTER TABLE `learn_progress` ENABLE KEYS */;
UNLOCK TABLES;

--
-- Table structure for table `orderdetails`
--

DROP TABLE IF EXISTS `orderdetails`;
/*!40101 SET @saved_cs_client     = @@character_set_client */;
/*!50503 SET character_set_client = utf8mb4 */;
CREATE TABLE `orderdetails` (
  `ID` int unsigned NOT NULL AUTO_INCREMENT,
  `OrderID` int NOT NULL,
  `CourseID` int NOT NULL,
  `Price` double NOT NULL,
  `IsFav` tinyint(1) NOT NULL,
  PRIMARY KEY (`ID`)
) ENGINE=InnoDB AUTO_INCREMENT=29 DEFAULT CHARSET=utf8 COLLATE=utf8_bin;
/*!40101 SET character_set_client = @saved_cs_client */;

--
-- Dumping data for table `orderdetails`
--

LOCK TABLES `orderdetails` WRITE;
/*!40000 ALTER TABLE `orderdetails` DISABLE KEYS */;
INSERT INTO `orderdetails` VALUES (1,1,1,129.99,0),(2,1,2,129.99,0),(3,1,3,129.99,0),(4,1,4,84.99,0),(5,1,5,129.99,0),(6,2,1,129.99,0),(7,2,2,129.99,0),(8,2,3,129.99,0),(9,2,4,84.99,0),(10,2,5,129.99,0),(11,3,6,99.99,0),(12,3,7,129.99,0),(13,3,8,94.99,0),(14,3,9,129.99,0),(15,3,10,129.99,0),(16,4,6,99.99,0),(17,4,7,129.99,0),(18,4,8,94.99,0),(19,4,9,129.99,0),(20,4,10,129.99,0),(21,5,1,129.99,1),(22,5,2,129.99,1),(23,5,3,129.99,1),(24,6,4,84.99,0),(25,7,6,99.99,0),(26,8,6,99.99,0),(28,10,5,129.99,0);
/*!40000 ALTER TABLE `orderdetails` ENABLE KEYS */;
UNLOCK TABLES;

--
-- Table structure for table `orders`
--

DROP TABLE IF EXISTS `orders`;
/*!40101 SET @saved_cs_client     = @@character_set_client */;
/*!50503 SET character_set_client = utf8mb4 */;
CREATE TABLE `orders` (
  `OrderID` int unsigned NOT NULL AUTO_INCREMENT,
  `OrderDate` date NOT NULL,
  `UserID` int NOT NULL,
  `Total` double NOT NULL,
  PRIMARY KEY (`OrderID`)
) ENGINE=InnoDB AUTO_INCREMENT=11 DEFAULT CHARSET=utf8 COLLATE=utf8_bin;
/*!40101 SET character_set_client = @saved_cs_client */;

--
-- Dumping data for table `orders`
--

LOCK TABLES `orders` WRITE;
/*!40000 ALTER TABLE `orders` DISABLE KEYS */;
INSERT INTO `orders` VALUES (1,'2020-12-22',10,0),(2,'2020-12-22',11,0),(3,'2020-12-22',12,0),(4,'2020-12-22',13,0),(5,'2021-01-01',14,389.97),(6,'2021-01-02',14,84.99),(7,'2021-01-07',14,99.99),(8,'2021-01-07',10,99.99),(10,'2021-01-14',14,129.99);
/*!40000 ALTER TABLE `orders` ENABLE KEYS */;
UNLOCK TABLES;

--
-- Table structure for table `sessions`
--

DROP TABLE IF EXISTS `sessions`;
/*!40101 SET @saved_cs_client     = @@character_set_client */;
/*!50503 SET character_set_client = utf8mb4 */;
CREATE TABLE `sessions` (
  `session_id` varchar(128) CHARACTER SET utf8mb4 COLLATE utf8mb4_bin NOT NULL,
  `expires` int unsigned NOT NULL,
  `data` mediumtext CHARACTER SET utf8mb4 COLLATE utf8mb4_bin,
  PRIMARY KEY (`session_id`)
) ENGINE=InnoDB DEFAULT CHARSET=utf8mb4 COLLATE=utf8mb4_0900_ai_ci;
/*!40101 SET character_set_client = @saved_cs_client */;

--
-- Dumping data for table `sessions`
--

LOCK TABLES `sessions` WRITE;
/*!40000 ALTER TABLE `sessions` DISABLE KEYS */;
INSERT INTO `sessions` VALUES ('pL3y8nqowh0dDvB355CFrqDq1D3v-9aO',1610976295,'{\"cookie\":{\"originalMaxAge\":null,\"expires\":null,\"httpOnly\":true,\"path\":\"/\"},\"isAuth\":false,\"authUser\":null,\"cart\":[],\"retUrl\":\"http://localhost:3000/courses/detail/13\"}');
/*!40000 ALTER TABLE `sessions` ENABLE KEYS */;
UNLOCK TABLES;

--
-- Table structure for table `users`
--

DROP TABLE IF EXISTS `users`;
/*!40101 SET @saved_cs_client     = @@character_set_client */;
/*!50503 SET character_set_client = utf8mb4 */;
CREATE TABLE `users` (
  `UserID` int unsigned NOT NULL AUTO_INCREMENT,
  `Username` varchar(50) CHARACTER SET utf8 COLLATE utf8_bin NOT NULL,
  `Password` varchar(255) CHARACTER SET utf8 COLLATE utf8_bin NOT NULL,
  `Name` varchar(50) CHARACTER SET utf8 COLLATE utf8_bin NOT NULL,
  `Email` varchar(50) CHARACTER SET utf8 COLLATE utf8_bin NOT NULL,
  `Permission` int NOT NULL,
  `DOB` date NOT NULL,
  `Des` text CHARACTER SET utf8 COLLATE utf8_bin,
  PRIMARY KEY (`UserID`)
) ENGINE=InnoDB AUTO_INCREMENT=32 DEFAULT CHARSET=utf8 COLLATE=utf8_bin;
/*!40101 SET character_set_client = @saved_cs_client */;

--
-- Dumping data for table `users`
--

LOCK TABLES `users` WRITE;
/*!40000 ALTER TABLE `users` DISABLE KEYS */;
INSERT INTO `users` VALUES (1,'admin','$2a$10$y255tnLYzrUk4i5CAQngcObkp3zfdFvlYlkpSBAfAzTM3hp6cwfg.','Administrator','admin@gmail.com',0,'2020-12-26',NULL),(2,'teacher','$2a$10$Bk2J3lYwn2aLmGWvQ.UQPeaKy4pPaaBo0cbu0q7ip55B1hfX6GPnm','Example Teacher','example@gmail.com',1,'1986-05-15',NULL),(3,'teacher1','$2a$10$8F074KknhuTelhWeEfMwXumUNBhDZ2jtnNp2X3R7UVTmD2tz6BEC.','Telusko','example1@gmail.com',1,'1980-12-29','I\'m a full-stack web developer and designer with a passion for building beautiful things from scratch. I\'ve been building websites and apps since 2007 and also have a Master\'s degree in Engineering.'),(4,'teacher2','$2a$10$2znk6uNDod0RfWWyhqaosuVSX.cv1YOsjuXhDWiRDQ8kvBaGh/dQe','The Net Ninja','example2@gmail.com',1,'1990-06-19','As a self-taught professional I really know the hard parts and the difficult topics when learning new or improving on already-known languages. This background and experience enables me to focus on the most relevant key concepts and topics. My track record of many 5-star rated courses, more than 700,000 students on Udemy as well as a successful YouTube channel is the best proof for that.'),(5,'teacher3','$2a$10$ESmJy9ucehEWBVr1gAIjHufwer9L2C1lW88Q4HAFRI4oxlrzBU./2','Code Step By Step','example3@gmail.com',1,'1980-06-19','Starting out at the age of 13 I never stopped learning new programming skills and languages. Early I started creating websites for friends and just for fun as well. Besides web development I also explored Python and other non-web-only languages. This passion has since lasted and lead to my decision of working as a freelance web developer and consultant. The success and fun I have in this job is immense and really keeps that passion burningly alive.'),(6,'teacher4','$2a$10$3WPu431yT62pAzxS53MVdusTa/kflCW.en5VTZW0VvSZ4ZF2c0Js6','Smartherd','example4@gmail.com',1,'1992-04-25','I have gained experience in a wide range of industries including Utilities, Retail, Insurance and the Motor Manufacturing industry. My clients and employers have included Northumbrian Water, Arcadia, Royal Sun Alliance, Nissan and Jaguar Landrover. I also worked for Sunderland University for 3 years preparing and delivering training courses in computing.'),(7,'teacher5','$2a$10$VUfvsA.mYXRuvfgPNKnN..VBrEtmz214j/WemDsYfcMk3lU7HwLtG','thenewboston','example5@gmail.com',1,'1992-06-05','I\'m a developer with a passion for teaching. I\'m the lead instructor at the London App Brewery, London\'s leading Programming Bootcamp. I\'ve helped hundreds of thousands of students learn to code and change their lives by becoming a developer. I\'ve been invited by companies such as Twitter, Facebook and Google to teach their employees.'),(8,'teacher6','$2a$10$Ibt.Df8JCM7hjicax0/u0uyCqk5XJnxkGWOf6qLys1zw7uvc9zdJi','Codevolution','example6@gmail.com',1,'1992-06-05','Stephen Grider has been building complex Javascript front ends for top corporations in the San Francisco Bay Area.  With an innate ability to simplify complex topics, Stephen has been mentoring engineers beginning their careers in software development for years, and has now expanded that experience onto Udemy, authoring the highest rated React course. He teaches on Udemy to share the knowledge he has gained with other software engineers.  Invest in yourself by learning from Stephen\'s published employees.'),(9,'teacher7','$2a$10$EdUXhn6FAsflLL0/hznczO.27YdPQUpFgsjhlMno2b56l9ankvZei','HBSS','example7@gmail.com',1,'1995-04-19','As a self-taught professional I really know the hard parts and the difficult topics when learning new or improving on already-known languages. This background and experience enables me to focus on the most relevant key concepts and topics. My track record of many 5-star rated courses, more than 700,000 students on Udemy as well as a successful YouTube channel is the best proof for that.'),(10,'student','$2a$10$JR1G3laG7m52K6Bbb5o9OeeJbgvBJxClNggiZGuC9eUJWoHVTJdSy','Student','example8@gmail.com',2,'1992-12-12',NULL),(11,'student1','$2a$10$SUyIsCR9A7LQNdveFfekBuWd5M039RQMiGo4TmIFeVaGJ1E2XYHIS','Student 1','example9@gmail.com',2,'1987-03-16',NULL),(12,'student2','$2a$10$KBPNUSA5VSgb4dEJEe21IeGB9DrUlOYT9cNMA4s7UnaOqmz1VxcaS','Student 2','example10@gmail.com',2,'1986-06-19',NULL),(13,'student3','$2a$10$h4vtFMau79nSI5vbCobfQu2qC1p1d7be22j0lNFLVNrQf6wPS0qzm','Student 3','example11@gmail.com',2,'1992-12-12',NULL),(14,'leminhhieust','$2a$10$Gqj/5MdoHcOW9Ed65.3c3eVxHcr64ESuHVG7xsz1VCjGi9/R7UPyG','Lê Minh Hiếu','leminhhieust@gmail.com',2,'2000-04-01',NULL);
/*!40000 ALTER TABLE `users` ENABLE KEYS */;
UNLOCK TABLES;
/*!40103 SET TIME_ZONE=@OLD_TIME_ZONE */;

/*!40101 SET SQL_MODE=@OLD_SQL_MODE */;
/*!40014 SET FOREIGN_KEY_CHECKS=@OLD_FOREIGN_KEY_CHECKS */;
/*!40014 SET UNIQUE_CHECKS=@OLD_UNIQUE_CHECKS */;
/*!40101 SET CHARACTER_SET_CLIENT=@OLD_CHARACTER_SET_CLIENT */;
/*!40101 SET CHARACTER_SET_RESULTS=@OLD_CHARACTER_SET_RESULTS */;
/*!40101 SET COLLATION_CONNECTION=@OLD_COLLATION_CONNECTION */;
/*!40111 SET SQL_NOTES=@OLD_SQL_NOTES */;

-- Dump completed on 2021-01-17 20:54:01
